0	22
1	202
2	571
3	117
4	22
5	46
6	39
7	82
8	332
9	30
10	21
11	97
12	33
13	28
14	79
15	422
16	24
17	53
18	25
19	128
20	70
21	22
22	57
23	25
24	36
25	302
26	474
27	183
28	25
29	24
30	25
31	86
32	24
33	35
34	80
35	24
36	23
37	22
38	29
39	102
40	43
41	44
42	45
43	22
44	32
45	150
46	74
47	116
48	27
49	47
50	70
51	78
52	25
53	32
54	83
55	24
56	60
57	22
58	46
59	67
60	230
61	63
62	88
63	25
64	317
65	26
66	562
67	30
68	35
69	33
70	28
71	24
72	22
73	158
74	23
75	61
76	67
77	122
78	213
79	33
80	155
81	28
82	28
83	52
84	44
85	27
86	27
87	86
88	26
89	31
90	31
91	266
92	27
93	739
94	34
95	22
96	23
97	36
98	64
99	25
100	103
101	64
102	612
103	195
104	100
105	97
106	35
107	70
108	25
109	25
110	41
111	472
112	23
113	23
114	32
115	307
116	23
117	53
118	57
119	28
120	117
121	22
122	29
123	36
124	34
125	188
126	42
127	22
128	22
129	866
130	25
131	197
132	121
133	23
134	26
135	85
136	32
137	326
138	21
139	323
140	292
141	31
142	30
143	55
144	234
145	37
146	23
147	35
148	461
149	436
150	76
151	24
152	36
153	29
154	21
155	27
156	50
157	49
158	68
159	301
160	25
161	25
162	52
163	24
164	51
165	48
166	176
167	85
168	234
169	24
170	31
171	56
172	26
173	48
174	70
175	113
176	24
177	2803
178	43
179	23
180	45
181	61
182	21
183	123
184	102
185	90
186	152
187	98
188	125
189	48
190	27
191	27
192	39
193	30
194	32
195	41
196	63
197	69
198	60
199	47
200	36
201	44
202	32
203	142
204	22
205	30
206	355
207	71
208	38
209	34
210	30
211	51
212	92
213	24
214	56
215	22
216	33
217	23
218	25
219	629
220	30
221	51
222	117
223	38
224	46
225	37
226	94
227	347
228	35
229	25
230	55
231	86
232	80
233	92
234	47
235	56
236	22
237	48
238	21
239	410
240	79
241	218
242	27
243	114
244	43
245	40
246	310
247	29
248	28
249	2236
250	108
251	28
252	36
253	322
254	53
255	25
256	95
257	60
258	53
259	45
260	108
261	22
262	213
263	211
264	121
265	36
266	26
267	22
268	82
269	31
270	25
271	32
272	40
273	34
274	23
275	488
276	30
277	148
278	35
279	2134
280	88
281	209
282	102
283	21
284	71
285	62
286	76
287	50
288	23
289	22
290	33
291	104
292	42
293	27
294	27
295	74
296	70
297	107
298	21
299	80
300	28
301	27
302	23
303	24
304	37
305	21
306	38
307	75
308	62
309	48
310	31
311	25
312	25
313	103
314	150
315	30
316	52
317	527
318	23
319	28
320	24
321	98
322	449
323	105
324	36
325	49
326	31
327	32
328	38
329	36
330	100
331	24
332	30
333	56
334	26
335	22
336	28
337	53
338	31
339	283
340	40
341	41
342	23
343	50
344	25
345	56
346	85
347	60
348	90
349	30
350	22
351	42
352	152
353	87
354	22
355	27
356	101
357	32
358	217
359	69
360	28
361	28
362	47
363	73
364	74
365	37
366	80
367	35
368	55
369	36
370	21
371	40
372	215
373	62
374	117
375	791
376	39
377	26
378	34
379	168
380	65
381	140
382	338
383	21
384	335
385	27
386	111
387	66
388	666
389	22
390	26
391	21
392	63
393	21
394	89
395	35
396	32
397	24
398	23
399	23
400	22
401	26
402	57
403	46
404	148
405	156
406	55
407	62
408	96
409	557
410	101
411	152
412	38
413	45
414	223
415	44
416	52
417	388
418	21
419	23
420	22
421	56
422	87
423	51
424	731
425	172
426	21
427	29
428	59
429	386
430	31
431	28
432	53
433	28
434	23
435	50
436	426
437	32
438	277
439	40
440	558
441	77
442	35
443	72
444	21
445	113
446	66
447	41
448	21
449	55
450	62
451	34
452	21
453	230
454	30
455	81
456	27
457	26
458	21
459	51
460	28
461	56
462	55
463	23
464	30
465	49
466	174
467	69
468	69
469	65
470	634
471	29
472	33
473	36
474	68
475	31
476	25
477	31
478	46
479	25
480	50
481	37
482	45
483	28
484	47
485	80
486	31
487	40
488	457
489	46
490	322
491	24
492	21
493	25
494	552
495	50
496	22
497	41
498	75
499	26
500	81
501	22
502	34
503	38
504	808
505	42
506	29
507	73
508	27
509	27
510	1380
511	79
512	43
513	50
514	49
515	66
516	40
517	61
518	51
519	152
520	67
521	57
522	22
523	81
524	71
525	31
526	361
527	24
528	37
529	24
530	30
531	47
532	23
533	44
534	71
535	47
536	62
537	67
538	26
539	205
540	79
541	24
542	51
543	22
544	38
545	44
546	22
547	73
548	75
549	21
550	59
551	47
552	37
553	47
554	49
555	69
556	49
557	60
558	39
559	22
560	451
561	25
562	80
563	30
564	54
565	26
566	105
567	34
568	25
569	34
570	44
571	31
572	22
573	23
574	26
575	36
576	25
577	28
578	109
579	105
580	21
581	23
582	26
583	56
584	34
585	39
586	95
587	45
588	32
589	32
590	55
591	23
592	24
593	27
594	584
595	58
596	33
597	54
598	51
599	33
600	56
601	22
602	21
603	37
604	223
605	1155
606	32
607	21
608	24
609	52
610	63
611	35
612	56
613	30
614	42
615	24
616	22
617	29
618	30
619	251
620	21
621	33
622	109
623	217
624	477
625	27
626	24
627	34
628	28
629	54
630	43
631	33
632	23
633	94
634	23
635	32
636	25
637	299
638	78
639	25
640	95
641	25
642	28
643	44
644	25
645	224
646	59
647	25
648	63
649	43
650	37
651	75
652	102
653	34
654	78
655	29
656	27
657	41
658	167
659	67
660	23
661	29
662	1049
663	23
664	31
665	29
666	36
667	30
668	71
669	77
670	79
671	40
672	26
673	37
674	23
675	33
676	21
677	82
678	31
679	393
680	41
681	25
682	182
683	25
684	171
685	31
686	106
687	26
688	32
689	26
690	29
691	30
692	97
693	34
694	59
695	124
696	168
697	86
698	22
699	133
700	77
701	38
702	80
703	149
704	88
705	82
706	31
707	47
708	22
709	25
710	42
711	157
712	134
713	60
714	35
715	80
716	38
717	787
718	27
719	40
720	22
721	32
722	79
723	105
724	25
725	39
726	60
727	379
728	171
729	60
730	29
731	151
732	69
733	215
734	167
735	22
736	31
737	251
738	30
739	36
740	24
741	21
742	59
743	48
744	56
745	28
746	22
747	272
748	41
749	29
750	1081
751	43
752	25
753	32
754	39
755	40
756	33
757	42
758	41
759	27
760	44
761	31
762	118
763	64
764	41
765	26
766	141
767	22
768	22
769	64
770	45
771	61
772	31
773	89
774	27
775	59
776	24
777	66
778	24
779	873
780	49
781	125
782	56
783	56
784	138
785	43
786	160
787	175
788	83
789	32
790	28
791	21
792	27
793	25
794	46
795	186
796	78
797	46
798	26
799	100
800	30
801	28
802	70
803	173
804	22
805	72
806	25
807	22
808	157
809	23
810	23
811	26
812	38
813	30
814	23
815	23
816	21
817	29
818	60
819	26
820	25
821	192
822	36
823	22
824	39
825	45
826	51
827	38
828	364
829	52
830	27
831	24
832	38
833	59
834	327
835	128
836	33
837	53
838	28
839	49
840	46
841	46
842	48
843	1274
844	36
845	23
846	37
847	40
848	55
849	31
850	29
851	26
852	55
853	21
854	47
855	32
856	26
857	30
858	22
859	24
860	23
861	41
862	68
863	162
864	22
865	82
866	24
867	82
868	86
869	23
870	24
871	125
872	21
873	67
874	66
875	25
876	21
877	77
878	406
879	188
880	126
881	96
882	29
883	25
884	44
885	24
886	144
887	67
888	780
889	62
890	86
891	21
892	50
893	23
894	68
895	21
896	30
897	39
898	40
899	364
900	77
901	34
902	54
903	27
904	24
905	24
906	97
907	22
908	44
909	135
910	62
911	100
912	37
913	32
914	57
915	105
916	70
917	34
918	45
919	47
920	46
921	81
922	71
923	31
924	31
925	44
926	54
927	23
928	30
929	74
930	32
931	26
932	23
933	25
934	32
935	38
936	79
937	24
938	220
939	24
940	39
941	127
942	27
943	21
944	49
945	30
946	62
947	22
948	53
949	25
950	23
951	284
952	63
953	58
954	70
955	48
956	202
957	131
958	46
959	22
960	26
961	60
962	29
963	97
964	21
965	141
966	31
967	75
968	447
969	52
970	36
971	22
972	21
973	63
974	29
975	172
976	399
977	28
978	45
979	21
980	43
981	55
982	26
983	230
984	50
985	241
986	46
987	54
988	25
989	31
990	157
991	26
992	44
993	26
994	129
995	229
996	52
997	109
998	36
999	66
1000	121
1001	34
1002	69
1003	46
1004	21
1005	628
1006	37
1007	21
1008	99
1009	345
1010	183
1011	79
1012	39
1013	102
1014	61
1015	23
1016	1388
1017	39
1018	178
1019	21
1020	35
1021	326
1022	56
1023	22
1024	96
1025	47
1026	140
1027	31
1028	21
1029	29
1030	47
1031	42
1032	27
1033	52
1034	27
1035	28
1036	132
1037	29
1038	119
1039	21
1040	215
1041	28
1042	28
1043	21
1044	262
1045	91
1046	63
1047	26
1048	96
1049	50
1050	43
1051	32
1052	49
1053	21
1054	82
1055	21
1056	25
1057	24
1058	76
1059	442
1060	24
1061	69
1062	25
1063	47
1064	27
1065	23
1066	270
1067	747
1068	21
1069	34
1070	26
1071	54
1072	1825
1073	39
1074	244
1075	36
1076	23
1077	26
1078	27
1079	39
1080	65
1081	48
1082	116
1083	40
1084	80
1085	59
1086	174
1087	605
1088	213
1089	285
1090	39
1091	182
1092	45
1093	39
1094	28
1095	61
1096	27
1097	44
1098	28
1099	116
1100	58
1101	35
1102	63
1103	87
1104	41
1105	26
1106	27
1107	29
1108	1547
1109	33
1110	30
1111	44
1112	50
1113	63
1114	96
1115	811
1116	103
1117	119
1118	55
1119	28
1120	26
1121	188
1122	42
1123	21
1124	49
1125	23
1126	33
1127	320
1128	42
1129	56
1130	401
1131	28
1132	23
1133	33
1134	22
1135	61
1136	29
1137	65
1138	24
1139	34
1140	53
1141	28
1142	36
1143	26
1144	25
1145	25
1146	23
1147	53
1148	44
1149	21
1150	36
1151	249
1152	83
1153	57
1154	23
1155	26
1156	53
1157	32
1158	26
1159	21
1160	76
1161	38
1162	57
1163	80
1164	28
1165	48
1166	169
1167	940
1168	31
1169	415
1170	21
1171	126
1172	71
1173	27
1174	58
1175	46
1176	56
1177	258
1178	67
1179	132
1180	271
1181	32
1182	25
1183	27
1184	27
1185	38
1186	49
1187	29
1188	24
1189	22
1190	83
1191	64
1192	31
1193	49
1194	42
1195	45
1196	30
1197	254
1198	114
1199	82
1200	28
1201	356
1202	21
1203	27
1204	30
1205	68
1206	51
1207	57
1208	33
1209	149
1210	27
1211	21
1212	36
1213	45
1214	35
1215	27
1216	21
1217	22
1218	116
1219	22
1220	23
1221	116
1222	111
1223	57
1224	182
1225	1505
1226	23
1227	33
1228	30
1229	29
1230	65
1231	36
1232	53
1233	58
1234	31
1235	227
1236	24
1237	1037
1238	95
1239	38
1240	67
1241	25
1242	22
1243	32
1244	39
1245	28
1246	212
1247	245
1248	25
1249	21
1250	82
1251	166
1252	37
1253	59
1254	112
1255	670
1256	27
1257	139
1258	33
1259	22
1260	176
1261	51
1262	95
1263	128
1264	104
1265	29
1266	65
1267	43
1268	24
1269	26
1270	35
1271	51
1272	135
1273	36
1274	33
1275	22
1276	56
1277	24
1278	22
1279	21
1280	98
1281	57
1282	93
1283	32
1284	53
1285	31
1286	28
1287	21
1288	59
1289	52
1290	42
1291	33
1292	52
1293	30
1294	104
1295	25
1296	608
1297	63
1298	46
1299	35
1300	168
1301	211
1302	92
1303	243
1304	29
1305	23
1306	28
1307	24
1308	34
1309	25
1310	36
1311	108
1312	71
1313	22
1314	42
1315	44
1316	34
1317	110
1318	31
1319	21
1320	22
1321	54
1322	42
1323	138
1324	35
1325	23
1326	28
1327	70
1328	34
1329	36
1330	31
1331	62
1332	52
1333	21
1334	21
1335	63
1336	32
1337	21
1338	42
1339	22
1340	103
1341	110
1342	69
1343	4900
1344	31
1345	38
1346	23
1347	37
1348	45
1349	23
1350	43
1351	170
1352	75
1353	40
1354	33
1355	41
1356	25
1357	64
1358	33
1359	164
1360	32
1361	158
1362	926
1363	37
1364	99
1365	54
1366	21
1367	42
1368	49
1369	37
1370	21
1371	41
1372	350
1373	1177
1374	26
1375	72
1376	21
1377	58
1378	27
1379	653
1380	21
1381	27
1382	42
1383	22
1384	28
1385	23
1386	27
1387	194
1388	60
1389	22
1390	124
1391	155
1392	27
1393	1866
1394	59
1395	434
1396	127
1397	36
1398	29
1399	25
1400	32
1401	25
1402	328
1403	23
1404	271
1405	82
1406	1151
1407	26
1408	22
1409	28
1410	175
1411	186
1412	2568
1413	239
1414	83
1415	44
1416	41
1417	22
1418	859
1419	37
1420	53
1421	1153
1422	34
1423	23
1424	28
1425	30
1426	25
1427	105
1428	24
1429	227
1430	83
1431	32
1432	29
1433	51
1434	22
1435	36
1436	148
1437	33
1438	51
1439	22
1440	56
1441	123
1442	46
1443	21
1444	26
1445	34
1446	44
1447	266
1448	28
1449	40
1450	359
1451	108
1452	39
1453	24
1454	24
1455	46
1456	29
1457	544
1458	740
1459	31
1460	38
1461	179
1462	107
1463	68
1464	34
1465	21
1466	108
1467	31
1468	122
1469	24
1470	73
1471	28
1472	87
1473	29
1474	70
1475	35
1476	137
1477	29
1478	38
1479	51
1480	24
1481	22
1482	296
1483	23
1484	169
1485	33
1486	87
1487	27
1488	57
1489	26
1490	53
1491	56
1492	375
1493	24
1494	267
1495	34
1496	57
1497	27
1498	33
1499	21
1500	31
1501	24
1502	46
1503	24
1504	189
1505	41
1506	34
1507	26
1508	103
1509	31
1510	527
1511	46
1512	31
1513	229
1514	390
1515	32
1516	107
1517	21
1518	165
1519	25
1520	29
1521	21
1522	309
1523	216
1524	83
1525	24
1526	29
1527	87
1528	31
1529	22
1530	24
1531	35
1532	24
1533	369
1534	40
1535	24
1536	46
1537	27
1538	40
1539	47
1540	23
1541	114
1542	49
1543	41
1544	34
1545	28
1546	22
1547	338
1548	22
1549	33
1550	45
1551	43
1552	22
1553	32
1554	27
1555	26
1556	41
1557	25
1558	63
1559	29
1560	390
1561	28
1562	59
1563	24
1564	31
1565	46
1566	26
1567	86
1568	28
1569	33
1570	37
1571	92
1572	24
1573	41
1574	21
1575	228
1576	24
1577	46
1578	23
1579	29
1580	43
1581	54
1582	47
1583	52
1584	24
1585	22
1586	24
1587	37
1588	26
1589	23
1590	45
1591	57
1592	73
1593	22
1594	58
1595	31
1596	130
1597	86
1598	36
1599	49
1600	24
1601	22
1602	30
1603	69
1604	33
1605	36
1606	902
1607	31
1608	212
1609	37
1610	69
1611	24
1612	21
1613	129
1614	50
1615	24
1616	57
1617	59
1618	3217
1619	23
1620	67
1621	239
1622	32
1623	171
1624	46
1625	21
1626	21
1627	28
1628	25
1629	31
1630	34
1631	78
1632	33
1633	22
1634	26
1635	22
1636	56
1637	23
1638	30
1639	22
1640	31
1641	157
1642	33
1643	94
1644	31
1645	24
1646	24
1647	67
1648	525
1649	72
1650	21
1651	845
1652	37
1653	22
1654	91
1655	126
1656	52
1657	25
1658	30
1659	34
1660	32
1661	21
1662	33
1663	50
1664	50
1665	214
1666	264
1667	138
1668	49
1669	136
1670	1126
1671	31
1672	38
1673	22
1674	30
1675	33
1676	195
1677	45
1678	24
1679	28
1680	273
1681	32
1682	304
1683	52
1684	42
1685	21
1686	98
1687	48
1688	70
1689	45
1690	28
1691	45
1692	34
1693	74
1694	36
1695	26
1696	158
1697	379
1698	41
1699	24
1700	327
1701	29
1702	24
1703	24
1704	21
1705	39
1706	80
1707	241
1708	87
1709	80
1710	35
1711	36
1712	39
1713	27
1714	113
1715	28
1716	23
1717	53
1718	91
1719	32
1720	43
1721	55
1722	75
1723	47
1724	45
1725	35
1726	48
1727	44
1728	55
1729	23
1730	24
1731	174
1732	21
1733	27
1734	29
1735	128
1736	22
1737	23
1738	57
1739	26
1740	659
1741	70
1742	36
1743	83
1744	23
1745	627
1746	28
1747	23
1748	37
1749	60
1750	280
1751	23
1752	30
1753	32
1754	24
1755	75
1756	314
1757	27
1758	24
1759	163
1760	55
1761	42
1762	24
1763	25
1764	38
1765	24
1766	137
1767	32
1768	37
1769	22
1770	51
1771	55
1772	66
1773	27
1774	47
1775	46
1776	98
1777	84
1778	468
1779	64
1780	342
1781	48
1782	44
1783	37
1784	111
1785	42
1786	90
1787	92
1788	34
1789	163
1790	37
1791	26
1792	23
1793	57
1794	49
1795	144
1796	29
1797	26
1798	102
1799	32
1800	22
1801	36
1802	23
1803	27
1804	29
1805	39
1806	31
1807	135
1808	307
1809	36
1810	70
1811	93
1812	153
1813	22
1814	127
1815	28
1816	97
1817	29
1818	82
1819	526
1820	31
1821	64
1822	778
1823	63
1824	132
1825	23
1826	36
1827	85
1828	266
1829	493
1830	468
1831	61
1832	565
1833	42
1834	26
1835	101
1836	29
1837	23
1838	110
1839	174
1840	29
1841	25
1842	23
1843	22
1844	55
1845	40
1846	23
1847	143
1848	58
1849	42
1850	24
1851	31
1852	26
1853	86
1854	30
1855	22
1856	30
1857	61
1858	21
1859	34
1860	33
1861	46
1862	44
1863	104341
1864	36
1865	23
1866	48
1867	40
1868	30
1869	56
1870	23
1871	100
1872	179
1873	697
1874	146
1875	102
1876	31
1877	26
1878	32
1879	43
1880	236
1881	40
1882	90
1883	120
1884	22
1885	31
1886	36
1887	21
1888	139
1889	84
1890	28
1891	47
1892	21
1893	91
1894	24
1895	42
1896	326
1897	32
1898	24
1899	64
1900	560
1901	27
1902	21
1903	45
1904	45
1905	30
1906	55
1907	31
1908	127
1909	43
1910	26
1911	37
1912	291
1913	203
1914	31
1915	292
1916	23
1917	33
1918	35
1919	83
1920	48
1921	224
1922	200
1923	99
1924	36
1925	26
1926	98
1927	36
1928	28
1929	49
1930	128
1931	22
1932	21
1933	54
1934	41
1935	27
1936	32
1937	29
1938	22
1939	47
1940	33
1941	67
1942	37
1943	41
1944	24
1945	37
1946	49
1947	198
1948	34
1949	176
1950	188
1951	37
1952	28
1953	29
1954	618
1955	135
1956	39
1957	798
1958	21
1959	56
1960	22
1961	82
1962	70
1963	49
1964	23
1965	29
1966	266
1967	28
1968	40
1969	22
1970	44
1971	46
1972	27
1973	1713
1974	27
1975	28
1976	21
1977	54
1978	41
1979	22
1980	392
1981	23
1982	23
1983	32
1984	298
1985	28
1986	59
1987	137
1988	108
1989	23
1990	23
1991	50
1992	73
1993	22
1994	41
1995	65
1996	32
1997	271
1998	26
1999	97
2000	26
2001	47
2002	28
2003	104
2004	41
2005	27
2006	29
2007	48
2008	25
2009	162
2010	23
2011	63
2012	42
2013	82
2014	33
2015	23
2016	72
2017	25
2018	55
2019	22
2020	42
2021	38
2022	25
2023	39
2024	67
2025	2198
2026	34
2027	9542
2028	47
2029	48
2030	79
2031	228
2032	24
2033	22
2034	24
2035	26
2036	96
2037	61
2038	23
2039	35
2040	27
2041	21
2042	95
2043	27
2044	24
2045	360
2046	63
2047	138
2048	54
2049	46
2050	24
2051	25
2052	113
2053	289
2054	57
2055	28
2056	21
2057	29
2058	29
2059	24
2060	24
2061	53
2062	22
2063	645
2064	197
2065	36
2066	100
2067	24
2068	28
2069	23
2070	21
2071	24
2072	41
2073	21
2074	76
2075	48
2076	29
2077	24
2078	93
2079	36
2080	40
2081	31
2082	21
2083	29
2084	26
2085	51
2086	153
2087	392
2088	25
2089	81
2090	37
2091	51
2092	46
2093	28
2094	38
2095	21
2096	28
2097	23
2098	41
2099	38
2100	34
2101	89
2102	22
2103	21
2104	47
2105	72
2106	31
2107	23
2108	67
2109	134
2110	28
2111	102
2112	42
2113	94
2114	27
2115	36
2116	21
2117	64
2118	54
2119	67
2120	42
2121	80
2122	77
2123	27
2124	1093
2125	177
2126	58
2127	23
2128	684
2129	2143
2130	44
2131	22
2132	35
2133	103
2134	123
2135	21
2136	27
2137	59
2138	252
2139	37
2140	29
2141	21
2142	23
2143	179
2144	243
2145	22
2146	42
2147	38
2148	209
2149	105
2150	850
2151	27
2152	43
2153	25
2154	62
2155	29
2156	35
2157	21
2158	22
2159	52
2160	42
2161	66
2162	32
2163	363
2164	36
2165	30
2166	365
2167	50
2168	106
2169	55
2170	30
2171	33
2172	86
2173	72
2174	238
2175	37
2176	22
2177	58
2178	27
2179	30
2180	43
2181	51
2182	57
2183	41
2184	65
2185	98
2186	51
2187	477
2188	65
2189	28
2190	34
2191	349
2192	244
2193	32
2194	36
2195	92
2196	36
2197	66
2198	21
2199	337
2200	22
2201	103
2202	921
2203	25
2204	161
2205	32
2206	255
2207	23
2208	21
2209	120
2210	25
2211	31
2212	63
2213	506
2214	46
2215	34
2216	56
2217	38
2218	36
2219	30
2220	48
2221	95
2222	24
2223	37
2224	294
2225	44
2226	51
2227	25
2228	171
2229	264
2230	44
2231	27
2232	27
2233	64
2234	27
2235	210
2236	41
2237	86
2238	434
2239	25
2240	93
2241	25
2242	23
2243	43
2244	69
2245	87
2246	26
2247	246
2248	60
2249	51
2250	37
2251	22
2252	24
2253	35
2254	39
2255	22
2256	30
2257	26
2258	54
2259	46
2260	31
2261	22
2262	253
2263	29
2264	58
2265	68
2266	31
2267	45
2268	33
2269	25
2270	53
2271	37
2272	48
2273	83
2274	80
2275	24
2276	52
2277	201
2278	49
2279	21
2280	68
2281	201
2282	71
2283	96
2284	33
2285	30
2286	3128
2287	490
2288	36
2289	24
2290	26
2291	21
2292	265
2293	21
2294	141
2295	31
2296	120
2297	40
2298	114
2299	85
2300	54
2301	21
2302	36
2303	38
2304	25
2305	25
2306	30
2307	625
2308	55
2309	40
2310	33
2311	150
2312	22
2313	25
2314	41
2315	56
2316	34
2317	23
2318	46
2319	21
2320	268
2321	30
2322	50
2323	30
2324	25
2325	158
2326	470
2327	32
2328	41
2329	45
2330	27
2331	961
2332	41
2333	27
2334	37
2335	27
2336	22
2337	26
2338	32
2339	34
2340	33
2341	22
2342	54
2343	87
2344	561
2345	152
2346	234
2347	30
2348	23
2349	24
2350	67
2351	98
2352	21
2353	36
2354	137
2355	27
2356	113
2357	32
2358	408
2359	45
2360	25
2361	68
2362	39
2363	74
2364	22
2365	22
2366	90
2367	63
2368	181
2369	39
2370	32
2371	47
2372	28
2373	26
2374	67
2375	122
2376	42
2377	245
2378	50
2379	33
2380	49
2381	28
2382	55
2383	127
2384	184
2385	24
2386	409
2387	45
2388	24
2389	40
2390	44
2391	29
2392	23
2393	28
2394	43
2395	98
2396	29
2397	64
2398	39
2399	30
2400	25
2401	699
2402	59
2403	425
2404	28
2405	24
2406	24
2407	54
2408	46
2409	80
2410	24
2411	56
2412	100
2413	30
2414	535
2415	39
2416	77
2417	53
2418	24
2419	40
2420	46
2421	21
2422	21
2423	123
2424	23
2425	30
2426	42
2427	34
2428	86
2429	35
2430	26
2431	21
2432	130
2433	60
2434	49
2435	37
2436	21
2437	23
2438	240
2439	24
2440	82
2441	34
2442	44
2443	66
2444	46
2445	47
2446	146
2447	27
2448	28
2449	23
2450	301
2451	189
2452	21
2453	29
2454	1215
2455	53
2456	26
2457	44
2458	36
2459	405
2460	97
2461	83
2462	24
2463	218
2464	24
2465	70
2466	24
2467	8754
2468	711
2469	1163
2470	22
2471	29
2472	80
2473	101
2474	101
2475	29
2476	175
2477	101
2478	224
2479	42
2480	31
2481	22
2482	23
2483	64
2484	54
2485	24
2486	47
2487	45
2488	35
2489	22
2490	24
2491	45
2492	22
2493	56
2494	27
2495	31
2496	89
2497	83
2498	92
2499	53
2500	27
2501	76
2502	32
2503	2823
2504	100
2505	21
2506	128
2507	40
2508	26
2509	39
2510	36
2511	38
2512	122
2513	109
2514	27
2515	22
2516	34
2517	150
2518	36
2519	26
2520	22
2521	25
2522	157
2523	42
2524	102
2525	35
2526	41
2527	1007
2528	69
2529	113
2530	62
2531	1238
2532	53
2533	759
2534	33
2535	88
2536	57
2537	28
2538	23
2539	46
2540	41
2541	35
2542	41
2543	69
2544	67
2545	21
2546	23
2547	75
2548	533
2549	26
2550	21
2551	86
2552	40
2553	34
2554	764
2555	60
2556	33
2557	43
2558	106
2559	21
2560	45
2561	49
2562	160
2563	46
2564	39
2565	60
2566	51
2567	115
2568	36
2569	1852
2570	62
2571	107
2572	100
2573	21
2574	28
2575	49
2576	67
2577	33
2578	25
2579	38
2580	37
2581	42
2582	36
2583	91
2584	37
2585	34
2586	28
2587	52
2588	58
2589	55
2590	64
2591	285
2592	31
2593	27
2594	23
2595	101
2596	33
2597	28
2598	63
2599	46
2600	40
2601	27
2602	1097
2603	97
2604	43
2605	28
2606	203
2607	37
2608	43
2609	23
2610	41
2611	428
2612	28
2613	35
2614	52
2615	48
2616	43
2617	27
2618	23
2619	55
2620	41
2621	32
2622	40
2623	22
2624	26
2625	31
2626	25
2627	63
2628	53
2629	35493
2630	39
2631	32
2632	39
2633	51
2634	38
2635	40
2636	27
2637	54
2638	23
2639	75
2640	28
2641	26
2642	136
2643	41
2644	37
2645	22
2646	58
2647	32
2648	31
2649	33
2650	28
2651	139
2652	54
2653	32
2654	43
2655	388
2656	24
2657	22
2658	62
2659	152
2660	29
2661	38
2662	4247
2663	28
2664	172
2665	923
2666	58
2667	40
2668	24
2669	228
2670	45
2671	26
2672	25
2673	22
2674	29
2675	29
2676	37
2677	24
2678	40
2679	134
2680	21
2681	61
2682	23
2683	69
2684	39
2685	25
2686	60
2687	23
2688	21
2689	22
2690	21
2691	32
2692	790
2693	62
2694	134
2695	24
2696	32
2697	26
2698	343
2699	68
2700	31
2701	35
2702	111
2703	61
2704	28
2705	28
2706	48
2707	199
2708	22
2709	46
2710	65
2711	211
2712	45
2713	450
2714	151
2715	39
2716	157
2717	67
2718	22
2719	31
2720	28
2721	30
2722	25
2723	29
2724	31
2725	408
2726	22
2727	30
2728	32
2729	37
2730	55
2731	25
2732	30
2733	53
2734	62
2735	39
2736	22
2737	122
2738	39
2739	617
2740	32
2741	39
2742	32
2743	39
2744	34
2745	24
2746	33
2747	24
2748	26
2749	21
2750	89
2751	27
2752	22
2753	68
2754	251
2755	26
2756	59
2757	30
2758	26
2759	579
2760	50
2761	58
2762	110
2763	22
2764	37
2765	31
2766	68
2767	138
2768	33
2769	308
2770	46
2771	190
2772	346
2773	35
2774	26
2775	25
2776	76
2777	135
2778	26
2779	25
2780	24
2781	91
2782	240
2783	26
2784	135
2785	49
2786	26
2787	48
2788	23
2789	43
2790	171
2791	27
2792	345
2793	175
2794	23
2795	34
2796	40
2797	59
2798	449
2799	303
2800	21
2801	38
2802	31
2803	314
2804	36
2805	315
2806	62
2807	40
2808	23
2809	41
2810	25
2811	21
2812	63
2813	887
2814	22
2815	33
2816	27
2817	4871
2818	50
2819	42
2820	90
2821	2213
2822	121
2823	26
2824	261
2825	43
2826	75
2827	23
2828	49
2829	49
2830	110
2831	37
2832	32
2833	24
2834	45
2835	41
2836	68
2837	21
2838	44
2839	25
2840	156
2841	85
2842	26
2843	26
2844	36
2845	79
2846	38
2847	397
2848	60
2849	21
2850	78
2851	21
2852	384
2853	38
2854	249
2855	37
2856	22
2857	37
2858	79
2859	163
2860	170
2861	33
2862	71
2863	51
2864	39
2865	26
2866	50
2867	60
2868	26
2869	60
2870	26
2871	53
2872	33
2873	38
2874	124
2875	23
2876	27
2877	28
2878	125
2879	43
2880	27
2881	22
2882	40
2883	462
2884	30
2885	52
2886	345
2887	21
2888	428
2889	33
2890	91
2891	43
2892	64
2893	22
2894	38
2895	29
2896	29
2897	108
2898	79
2899	26
2900	43
2901	21
2902	98
2903	30
2904	71
2905	24
2906	36
2907	141
2908	73
2909	46
2910	22
2911	24
2912	25
2913	145
2914	27
2915	54
2916	25
2917	367
2918	33
2919	22
2920	37
2921	23
2922	57
2923	30
2924	44
2925	35
2926	27
2927	31
2928	61
2929	56
2930	59
2931	37
2932	23
2933	62
2934	30
2935	30
2936	37
2937	59
2938	37
2939	21
2940	53
2941	35
2942	22
2943	64
2944	64
2945	65
2946	21
2947	23
2948	327
2949	23
2950	42
2951	32
2952	88
2953	33
2954	24
2955	64
2956	22
2957	39
2958	35
2959	21
2960	171
2961	414
2962	31
2963	132
2964	95
2965	272
2966	25
2967	589
2968	58
2969	30
2970	66
2971	76
2972	61
2973	35
2974	34
2975	37
2976	89
2977	69
2978	29
2979	24
2980	36
2981	51
2982	34
2983	102
2984	25
2985	73
2986	29
2987	23
2988	21
2989	89
2990	25
2991	37
2992	30
2993	32
2994	29
2995	24
2996	22
2997	34
2998	45
2999	51
3000	837
3001	151
3002	22
3003	66
3004	558
3005	32
3006	21
3007	28
3008	26
3009	53
3010	87
3011	68
3012	67
3013	26
3014	72
3015	578
3016	27
3017	89
3018	122
3019	21
3020	74
3021	42
3022	74
3023	41
3024	26
3025	31
3026	23
3027	28
3028	574
3029	113
3030	331
3031	105
3032	27
3033	31
3034	29
3035	66
3036	74
3037	46
3038	1484
3039	25
3040	343
3041	28
3042	34
3043	27
3044	43
3045	161
3046	23
3047	28
3048	262
3049	40
3050	21
3051	714
3052	36
3053	28
3054	33
3055	1921
3056	37
3057	162
3058	115
3059	31
3060	685
3061	42
3062	30
3063	25
3064	30
3065	100
3066	88
3067	46
3068	58
3069	75
3070	82
3071	23
3072	24
3073	122
3074	30
3075	77
3076	220
3077	22
3078	73
3079	279
3080	36
3081	61
3082	23
3083	172
3084	47
3085	67
3086	30
3087	59
3088	126
3089	35
3090	44
3091	264
3092	204
3093	34
3094	377
3095	108
3096	45
3097	4560
3098	31
3099	37
3100	39
3101	133
3102	210
3103	32
3104	22
3105	30
3106	67
3107	21
3108	21
3109	22
3110	24
3111	26
3112	23
3113	38
3114	23
3115	120
3116	51
3117	102
3118	30
3119	30
3120	98
3121	88
3122	21
3123	105
3124	51
3125	28
3126	26
3127	25
3128	33
3129	30
3130	21
3131	85
3132	27
3133	173
3134	75
3135	25
3136	45
3137	80
3138	24
3139	22
3140	56
3141	22
3142	133
3143	78
3144	65
3145	1851
3146	36
3147	24
3148	157
3149	58
3150	47
3151	55
3152	93
3153	25
3154	279
3155	42
3156	28
3157	26
3158	22
3159	25
3160	104
3161	30
3162	162
3163	148
3164	35
3165	60
3166	49
3167	76
3168	55
3169	24
3170	48
3171	35
3172	22
3173	50
3174	24
3175	214
3176	65
3177	32
3178	24
3179	85
3180	42
3181	38
3182	83
3183	30
3184	86
3185	35
3186	56
3187	22
3188	161
3189	98
3190	192
3191	43
3192	96
3193	24
3194	24
3195	69
3196	36
3197	135
3198	21
3199	50
3200	31
3201	58
3202	27
3203	74
3204	75
3205	23
3206	63
3207	30
3208	344
3209	29
3210	44
3211	33
3212	35
3213	3087
3214	47
3215	25
3216	23
3217	32
3218	32
3219	159
3220	59
3221	138
3222	85
3223	156
3224	25
3225	21
3226	79
3227	45
3228	37
3229	23
3230	93
3231	23
3232	89
3233	216
3234	29
3235	41
3236	31
3237	320
3238	40
3239	36
3240	21
3241	100
3242	25
3243	49
3244	51
3245	21
3246	51
3247	38
3248	2101
3249	90
3250	46
3251	24
3252	119
3253	36
3254	31
3255	58
3256	39
3257	21
3258	81
3259	52
3260	44
3261	21
3262	34
3263	23
3264	34
3265	29
3266	24
3267	27
3268	56
3269	53
3270	90
3271	26
3272	22
3273	38
3274	133
3275	1239
3276	713
3277	31
3278	58
3279	118
3280	168
3281	976
3282	27
3283	40
3284	121
3285	43
3286	38
3287	22
3288	21
3289	288
3290	26
3291	21
3292	43
3293	75
3294	29
3295	33
3296	35
3297	39
3298	26
3299	60
3300	27
3301	25
3302	22
3303	24
3304	33
3305	32
3306	35
3307	77
3308	119
3309	53
3310	126
3311	29
3312	56
3313	477
3314	133
3315	292
3316	43
3317	21
3318	26
3319	11426
3320	28
3321	22
3322	21
3323	26
3324	55
3325	33
3326	43
3327	24
3328	277
3329	714
3330	23
3331	42
3332	42
3333	1720
3334	22
3335	28
3336	32
3337	106
3338	110
3339	77
3340	28
3341	23
3342	29
3343	814
3344	5465
3345	44
3346	31
3347	510
3348	55
3349	43
3350	24
3351	70
3352	29
3353	34
3354	116
3355	22
3356	115
3357	30
3358	68
3359	35
3360	30
3361	72
3362	83
3363	39
3364	39
3365	23
3366	23
3367	175
3368	209
3369	106
3370	68
3371	33
3372	103
3373	35
3374	30
3375	30
3376	26
3377	26
3378	128
3379	21
3380	23
3381	53
3382	91
3383	42
3384	243
3385	38
3386	50
3387	35
3388	32
3389	22
3390	119
3391	123
3392	34
3393	30
3394	49
3395	180
3396	30
3397	126
3398	31
3399	82
3400	22
3401	33
3402	408
3403	30
3404	26
3405	35
3406	49
3407	57
3408	28
3409	108
3410	33
3411	131
3412	21
3413	41
3414	25
3415	32
3416	48
3417	66
3418	99
3419	38
3420	37
3421	34
3422	27
3423	38
3424	50
3425	127
3426	31
3427	124
3428	58
3429	21
3430	31
3431	61
3432	30
3433	47
3434	81
3435	33
3436	23
3437	36
3438	66
3439	49
3440	74
3441	119
3442	22
3443	219
3444	24
3445	21
3446	110
3447	21
3448	35
3449	70
3450	339
3451	44
3452	63
3453	41
3454	33
3455	46
3456	81
3457	88
3458	350
3459	385
3460	22
3461	239
3462	82
3463	26
3464	22
3465	22
3466	21
3467	48
3468	50
3469	2038
3470	21
3471	37
3472	35
3473	24
3474	43
3475	39
3476	74
3477	25
3478	68
3479	54
3480	26
3481	62
3482	47
3483	713
3484	36
3485	52
3486	27
3487	29
3488	46
3489	164
3490	25
3491	261
3492	97
3493	128
3494	21
3495	29
3496	35
3497	25
3498	29
3499	28
3500	54
3501	31
3502	237
3503	21
3504	42
3505	27
3506	30
3507	29
3508	30
3509	913
3510	34
3511	701
3512	55
3513	52
3514	35
3515	43
3516	30
3517	24
3518	35
3519	117
3520	158
3521	70
3522	89
3523	58
3524	41
3525	130
3526	32
3527	22
3528	37
3529	37
3530	78
3531	186
3532	37
3533	32
3534	80
3535	52
3536	31
3537	23
3538	26
3539	70
3540	21
3541	24
3542	21
3543	25
3544	52
3545	951
3546	405
3547	24
3548	76
3549	38
3550	21
3551	150
3552	44
3553	61
3554	381
3555	21
3556	214
3557	214
3558	25
3559	23
3560	62
3561	163
3562	377
3563	41
3564	21
3565	33
3566	73
3567	197
3568	26
3569	68
3570	22
3571	31
3572	36
3573	83
3574	21
3575	26
3576	106
3577	21
3578	46
3579	21
3580	29
3581	150
3582	37
3583	66
3584	73
3585	69
3586	25
3587	45
3588	24
3589	38
3590	171
3591	30
3592	38
3593	451
3594	314
3595	21
3596	25
3597	43
3598	29
3599	83
3600	21
3601	61
3602	43
3603	28
3604	28
3605	73
3606	210
3607	23
3608	28
3609	28
3610	452
3611	113
3612	40
3613	24
3614	96
3615	27
3616	52
3617	99
3618	125
3619	83
3620	72
3621	37
3622	21
3623	23
3624	24
3625	29
3626	22
3627	463
3628	119
3629	82
3630	25
3631	41
3632	214
3633	29
3634	1598
3635	43
3636	91
3637	27
3638	56
3639	33
3640	22
3641	47
3642	21
3643	45
3644	189
3645	31
3646	21
3647	31
3648	37
3649	32
3650	21
3651	44
3652	26
3653	30
3654	121
3655	58
3656	104
3657	63
3658	44
3659	108
3660	165
3661	44
3662	26
3663	51
3664	23
3665	21
3666	8570
3667	751
3668	53
3669	100
3670	83
3671	52
3672	21
3673	88
3674	285
3675	59
3676	21
3677	26
3678	26
3679	78
3680	49
3681	59
3682	28
3683	38
3684	27
3685	44
3686	24
3687	50
3688	34
3689	101
3690	31
3691	28
3692	27
3693	47
3694	55
3695	45
3696	92
3697	1344
3698	163
3699	30
3700	35
3701	83
3702	29
3703	24
3704	33
3705	32
3706	67
3707	86
3708	28
3709	81
3710	21
3711	29
3712	57
3713	21
3714	79
3715	22
3716	41
3717	64
3718	165
3719	23
3720	21
3721	23
3722	25
3723	37
3724	3798
3725	21
3726	106
3727	37
3728	88
3729	130
3730	27
3731	26
3732	100
3733	29
3734	43
3735	47
3736	150
3737	22
3738	37
3739	266
3740	24
3741	27
3742	165
3743	59
3744	35
3745	24
3746	33
3747	26
3748	33
3749	66
3750	22
3751	33
3752	1617
3753	67
3754	21
3755	24
3756	74
3757	38
3758	33
3759	33
3760	30
3761	35
3762	25
3763	177
3764	21
3765	193
3766	69
3767	39
3768	26
3769	25
3770	59
3771	97
3772	27
3773	676
3774	105
3775	26
3776	224
3777	290
3778	40
3779	27
3780	27
3781	37
3782	23
3783	30
3784	35
3785	28
3786	65
3787	53
3788	41
3789	36
3790	75
3791	28
3792	26
3793	32
3794	33
3795	42
3796	31
3797	638
3798	102
3799	26
3800	24
3801	22
3802	21
3803	37
3804	24
3805	25
3806	59
3807	29
3808	23
3809	23
3810	21
3811	45
3812	31
3813	24
3814	136
3815	23
3816	1755
3817	29
3818	24
3819	24
3820	22
3821	29
3822	47
3823	139
3824	30
3825	42
3826	30
3827	31
3828	43
3829	102
3830	1250
3831	34
3832	182
3833	35
3834	31
3835	59
3836	27
3837	24
3838	22
3839	33
3840	798
3841	43
3842	27
3843	24
3844	232
3845	43
3846	331
3847	121
3848	65
3849	23
3850	32
3851	52
3852	63
3853	52
3854	107
3855	27
3856	31
3857	92
3858	60
3859	194
3860	52
3861	28
3862	42
3863	24
3864	24
3865	35
3866	35
3867	825
3868	86
3869	26
3870	365
3871	31
3872	30
3873	36
3874	24
3875	25
3876	45
3877	71
3878	57
3879	155
3880	23
3881	34
3882	31
3883	24
3884	47
3885	21
3886	3856
3887	135
3888	211
3889	29
3890	27
3891	64
3892	111
3893	32
3894	25
3895	82
3896	443
3897	32
3898	206
3899	95
3900	41
3901	29
3902	48
3903	154
3904	42
3905	32
3906	29
3907	21
3908	40
3909	24
3910	71
3911	47
3912	660
3913	51
3914	291
3915	154
3916	27
3917	142
3918	66
3919	45
3920	32
3921	24
3922	30
3923	31
3924	224
3925	64
3926	31
3927	28
3928	23
3929	33
3930	84
3931	63
3932	26
3933	297
3934	79
3935	21
3936	47
3937	50
3938	25
3939	57
3940	36
3941	22
3942	147
3943	24
3944	237
3945	39
3946	45
3947	67
3948	57
3949	52
3950	40
3951	51
3952	130
3953	169
3954	36
3955	44
3956	21
3957	25
3958	26
3959	54
3960	26
3961	70
3962	21
3963	502
3964	23
3965	44
3966	45
3967	30
3968	21
3969	276
3970	47
3971	53
3972	397
3973	84
3974	46
3975	27
3976	24
3977	22
3978	70
3979	318
3980	57
3981	24
3982	71
3983	39
3984	79
3985	90
3986	45
3987	25
3988	83
3989	27
3990	32
3991	29
3992	279
3993	23
3994	933
3995	28
3996	40
3997	34
3998	11464
3999	98
4000	130
4001	25
4002	52
4003	68
4004	22
4005	206
4006	355
4007	94
4008	26
4009	21
4010	48
4011	40
4012	21
4013	166
4014	539
4015	21
4016	541
4017	38
4018	23
4019	27
4020	22
4021	180
4022	33
4023	56
4024	28
4025	103
4026	32
4027	54
4028	82
4029	69
4030	57
4031	40
4032	40
4033	40
4034	78
4035	23
4036	26
4037	23
4038	64
4039	37
4040	22
4041	35
4042	39
4043	162
4044	33
4045	45
4046	25
4047	61
4048	63
4049	72
4050	22
4051	22
4052	25
4053	103
4054	28
4055	25
4056	39
4057	48
4058	25
4059	218
4060	23
4061	278
4062	29
4063	40
4064	26
4065	791
4066	39
4067	85
4068	26
4069	52
4070	46
4071	53
4072	31
4073	209
4074	24
4075	56
4076	76
4077	4041
4078	32
4079	483
4080	24
4081	136
4082	47
4083	29
4084	66
4085	29
4086	156
4087	25
4088	29
4089	30
4090	22
4091	217
4092	141
4093	56
4094	22
4095	26
4096	112
4097	59
4098	32
4099	65
4100	71
4101	64
4102	30
4103	72
4104	25
4105	23
4106	63
4107	25
4108	31
4109	32
4110	24
4111	3468
4112	27
4113	39
4114	122
4115	49
4116	32
4117	28
4118	44
4119	98
4120	122
4121	184
4122	32
4123	26
4124	23
4125	31
4126	35
4127	62
4128	354
4129	31
4130	85
4131	27
4132	121
4133	28
4134	66
4135	28
4136	25
4137	46
4138	122
4139	35
4140	44
4141	25
4142	27
4143	25
4144	57
4145	36
4146	43
4147	46
4148	25
4149	37
4150	26
4151	39
4152	26
4153	248
4154	39
4155	136
4156	56
4157	205
4158	39
4159	55
4160	54
4161	22
4162	21
4163	74
4164	22
4165	22
4166	21
4167	43
4168	72
4169	21
4170	23
4171	34
4172	23
4173	65
4174	32
4175	29
4176	28
4177	22
4178	23
4179	25
4180	1651
4181	31
4182	292
4183	21
4184	101
4185	61
4186	227
4187	61
4188	54
4189	30
4190	29
4191	82
4192	67
4193	104
4194	103
4195	51
4196	37
4197	25
4198	76
4199	39
4200	24
4201	185
4202	23
4203	47
4204	247
4205	30
4206	58
4207	60
4208	35
4209	460
4210	23
4211	81
4212	72
4213	83
4214	104
4215	97
4216	39
4217	50
4218	21
4219	79
4220	2455
4221	41
4222	51
4223	297
4224	138
4225	46
4226	36
4227	24
4228	751
4229	30
4230	58
4231	32
4232	62
4233	78
4234	25
4235	28
4236	137
4237	211
4238	111
4239	63
4240	26
4241	123
4242	28
4243	71
4244	22
4245	35
4246	47
4247	37
4248	80
4249	40
4250	39
4251	24
4252	51
4253	207
4254	23
4255	85
4256	26
4257	98
4258	29
4259	29
4260	84
4261	22
4262	116
4263	89
4264	21
4265	24
4266	228
4267	25
4268	77
4269	81
4270	30
4271	30
4272	54
4273	37
4274	72
4275	21
4276	48
4277	102
4278	43
4279	22
4280	541
4281	21
4282	50
4283	83
4284	58
4285	28
4286	71
4287	194
4288	40
4289	23
4290	70
4291	28
4292	104
4293	21
4294	24
4295	24
4296	25
4297	96
4298	23
4299	41
4300	107
4301	30
4302	26
4303	48
4304	46
4305	506
4306	118
4307	58
4308	22
4309	23
4310	44
4311	41
4312	85
4313	134
4314	63
4315	41
4316	868
4317	117
4318	23
4319	62
4320	47
4321	45
4322	98
4323	638
4324	25
4325	23
4326	111
4327	24
4328	30
4329	178
4330	177
4331	555
4332	25
4333	199
4334	22
4335	37
4336	67
4337	51
4338	25
4339	21
4340	38
4341	25
4342	94
4343	21
4344	314
4345	77
4346	42
4347	101
4348	27
4349	30
4350	36
4351	21
4352	22
4353	143
4354	74
4355	86
4356	36
4357	29
4358	25
4359	31
4360	23
4361	510
4362	40
4363	31
4364	101
4365	127
4366	224
4367	25
4368	27
4369	36
4370	30
4371	24
4372	28
4373	25
4374	28
4375	26
4376	31
4377	189
4378	38
4379	53
4380	61
4381	24
4382	29
4383	32
4384	86
4385	80
4386	37
4387	35
4388	219
4389	21
4390	44
4391	23
4392	32
4393	42
4394	95
4395	102
4396	29
4397	33
4398	30682
4399	625
4400	29
4401	32
4402	26
4403	55
4404	30
4405	22
4406	36
4407	24
4408	24
4409	22
4410	21
4411	78
4412	274
4413	38
4414	154
4415	102
4416	25
4417	104
4418	23
4419	86
4420	88
4421	33
4422	31
4423	35
4424	54
4425	180
4426	57
4427	22
4428	49
4429	288
4430	280
4431	26
4432	26
4433	15283
4434	31
4435	50
4436	28
4437	28
4438	38
4439	21
4440	89
4441	350
4442	29
4443	108
4444	21
4445	29
4446	80
4447	43
4448	25
4449	361
4450	22
4451	69
4452	59
4453	35
4454	325
4455	27
4456	29
4457	21
4458	29
4459	24
4460	24
4461	25
4462	31
4463	22
4464	115
4465	22
4466	33
4467	88
4468	425
4469	492
4470	21
4471	23
4472	40
4473	25
4474	38
4475	30
4476	74
4477	94
4478	146
4479	78
4480	60
4481	40
4482	107
4483	21
4484	33
4485	25
4486	30
4487	25
4488	25
4489	29
4490	35
4491	23
4492	30
4493	81
4494	58
4495	25
4496	23
4497	120
4498	23
4499	51
4500	33
4501	270
4502	25
4503	56
4504	37
4505	85
4506	38
4507	31
4508	36
4509	22
4510	66
4511	24
4512	125
4513	21
4514	3110
4515	27
4516	25
4517	22
4518	24
4519	46
4520	184
4521	509
4522	27
4523	40
4524	25
4525	30
4526	27
4527	21
4528	33
4529	33
4530	192
4531	340
4532	24
4533	24
4534	61
4535	50
4536	56
4537	22
4538	72
4539	236
4540	98
4541	21
4542	32
4543	133
4544	21
4545	43
4546	23
4547	101
4548	27
4549	42
4550	25
4551	31
4552	38
4553	32
4554	35
4555	105
4556	156
4557	44
4558	26
4559	123
4560	22
4561	40
4562	29
4563	33
4564	119
4565	58
4566	40
4567	60
4568	70
4569	23
4570	33
4571	46
4572	43
4573	122
4574	46
4575	26
4576	203
4577	66
4578	21
4579	39
4580	50
4581	107
4582	41
4583	435
4584	32
4585	22
4586	50
4587	61
4588	100
4589	26
4590	71
4591	57
4592	29
4593	42
4594	26
4595	78
4596	22
4597	34
4598	29
4599	21
4600	161
4601	34
4602	40
4603	37
4604	28
4605	53
4606	26
4607	22
4608	38
4609	112
4610	41
4611	32
4612	25
4613	46
4614	98
4615	403
4616	56
4617	161
4618	65
4619	36
4620	69
4621	27
4622	24
4623	38
4624	62
4625	26
4626	56
4627	163
4628	21
4629	27
4630	28
4631	54
4632	76
4633	37
4634	24
4635	25
4636	44
4637	26
4638	27
4639	21
4640	211
4641	423
4642	111
4643	62
4644	42
4645	56
4646	45
4647	61
4648	33
4649	36
4650	249
4651	28
4652	22
4653	246
4654	172
4655	32
4656	67
4657	22
4658	33
4659	129
4660	43
4661	24
4662	68
4663	148
4664	32
4665	23
4666	58
4667	60
4668	22
4669	22
4670	27
4671	29
4672	981
4673	79
4674	25
4675	56
4676	133
4677	24
4678	56
4679	22
4680	157
4681	30
4682	25
4683	39
4684	25
4685	24
4686	21
4687	1574
4688	104
4689	1401
4690	29
4691	249
4692	32
4693	25
4694	81
4695	25
4696	35
4697	29
4698	25
4699	28
4700	3817
4701	32
4702	77
4703	41
4704	106
4705	23
4706	267
4707	49
4708	28
4709	86
4710	194
4711	298
4712	63
4713	61
4714	22
4715	21
4716	22
4717	92
4718	56
4719	33
4720	61
4721	128
4722	21
4723	51
4724	47
4725	26
4726	34
4727	21
4728	282
4729	21
4730	164
4731	666
4732	110
4733	32
4734	15687
4735	27
4736	556
4737	21
4738	28
4739	124
4740	32
4741	60
4742	56
4743	91
4744	38
4745	66
4746	54
4747	84
4748	22
4749	21
4750	31
4751	28
4752	47
4753	83
4754	51
4755	160
4756	44
4757	21
4758	30
4759	332
4760	52
4761	28
4762	103
4763	31
4764	48
4765	41
4766	246
4767	124
4768	57
4769	109
4770	26
4771	43
4772	22
4773	44
4774	25
4775	22
4776	75
4777	22
4778	66
4779	26
4780	169
4781	29
4782	31
4783	34
4784	68
4785	27
4786	49
4787	59
4788	23
4789	22
4790	23
4791	109
4792	34
4793	50
4794	27
4795	29
4796	117
4797	27
4798	132
4799	252
4800	23
4801	24
4802	36
4803	940
4804	40
4805	30
4806	33
4807	43
4808	36
4809	26
4810	244
4811	97
4812	30
4813	31
4814	40
4815	277
4816	73
4817	27
4818	28
4819	39
4820	326
4821	28
4822	47
4823	27
4824	144
4825	76
4826	45
4827	24
4828	403
4829	23
4830	299
4831	114
4832	28
4833	57
4834	47
4835	27
4836	23
4837	60
4838	53
4839	259
4840	25
4841	34
4842	21
4843	23
4844	28
4845	25
4846	75
4847	26
4848	52
4849	23
4850	53
4851	122
4852	35
4853	47
4854	129
4855	44
4856	76
4857	33
4858	29
4859	69
4860	40
4861	123
4862	21
4863	25
4864	45
4865	140
4866	39
4867	23
4868	22
4869	89
4870	52
4871	22
4872	22
4873	866
4874	25
4875	42
4876	44
4877	125
4878	66
4879	73
4880	79
4881	74
4882	25
4883	21
4884	26
4885	73
4886	168
4887	44
4888	54
4889	26
4890	506
4891	97
4892	39
4893	53
4894	188
4895	34
4896	30
4897	36
4898	44
4899	94
4900	137
4901	35
4902	21
4903	36
4904	116
4905	74
4906	31
4907	62
4908	321
4909	38
4910	38
4911	126
4912	51
4913	85
4914	77
4915	52
4916	108
4917	38
4918	22
4919	130
4920	33
4921	140
4922	99
4923	21
4924	31
4925	31
4926	1394
4927	159
4928	185
4929	22
4930	50
4931	32
4932	25
4933	41
4934	24
4935	24
4936	86
4937	374
4938	25
4939	100
4940	30
4941	28
4942	52
4943	66
4944	26
4945	36
4946	114
4947	192
4948	26
4949	41
4950	66
4951	240
4952	1480
4953	32
4954	24
4955	21
4956	55
4957	25
4958	22
4959	69
4960	67
4961	23
4962	25
4963	38
4964	37
4965	26
4966	21
4967	23
4968	1059
4969	22
4970	28
4971	48
4972	29
4973	164
4974	749
4975	22
4976	281
4977	26
4978	983
4979	45
4980	52
4981	63
4982	24
4983	34
4984	23
4985	23
4986	76
4987	84
4988	31
4989	51
4990	28
4991	69
4992	58
4993	31
4994	27
4995	26
4996	22
4997	71
4998	23
4999	21
5000	35
5001	44
5002	42
5003	30
5004	67
5005	30
5006	46
5007	685
5008	140
5009	84
5010	47
5011	25
5012	52
5013	57
5014	37
5015	64
5016	27
5017	278
5018	32
5019	295
5020	726
5021	39
5022	22
5023	22
5024	27
5025	52
5026	21
5027	25
5028	671
5029	37
5030	223
5031	24
5032	691
5033	39
5034	25
5035	29
5036	265
5037	34
5038	25
5039	39
5040	28
5041	24
5042	88
5043	23
5044	41
5045	23
5046	60
5047	34
5048	591
5049	25
5050	28
5051	24
5052	26
5053	32
5054	36
5055	36
5056	165
5057	33
5058	36
5059	38
5060	121
5061	80
5062	50
5063	26
5064	43
5065	44
5066	42
5067	86
5068	34
5069	29
5070	22
5071	51
5072	519
5073	195
5074	26
5075	43
5076	24
5077	94
5078	63
5079	24
5080	25
5081	414
5082	336
5083	29
5084	27
5085	339
5086	25
5087	90
5088	37
5089	31
5090	26
5091	71
5092	138
5093	83
5094	48
5095	31
5096	73
5097	40
5098	35
5099	30
5100	24
5101	23
5102	22
5103	55
5104	39
5105	276
5106	75
5107	24
5108	58
5109	91
5110	38
5111	706
